{
    "metadata": {
        "generator": "io_three",
        "faces": 6,
        "vertices": 8,
        "version": 3,
        "normals": 8,
        "uvs": 1,
        "type": "Geometry"
    },
    "name": "CubeGeometry.5",
    "faces": [41,0,1,2,3,0,1,2,3,0,1,2,3,41,4,7,6,5,4,5,6,7,4,5,6,7,41,0,4,5,1,0,4,7,1,0,4,7,1,41,1,5,6,2,8,9,10,11,1,7,6,2,41,2,6,7,3,2,6,5,3,2,6,5,3,41,4,0,3,7,4,0,3,5,4,0,3,5],
    "vertices": [-0.434068,-1.47851,-0.790947,-1.38819,-0.684635,0.777305,-1.32244,1.11463,-0.093511,-0.368319,0.320757,-1.66176,1.32244,-1.11463,0.093511,0.368319,-0.320757,1.66176,0.434068,1.47851,0.790947,1.38819,0.684635,-0.777305],
    "normals": [-0.250587,-0.853603,-0.456648,-0.801447,-0.395245,0.448775,-0.763512,0.643513,-0.053987,-0.212622,0.185186,-0.95941,0.763512,-0.643513,0.053987,0.801447,0.395245,-0.448775,0.250587,0.853603,0.456648,0.212622,-0.185186,0.95941],
    "uvs": [[0.384038,0.426454,0.830884,0.999909,0.032049,0.74558,0.381617,0.445239,0.378058,0.410985,0.354859,0.42542,9.1e-05,0.025677,0.830888,9.1e-05,0.9999,0.0001,0.9999,0.9999,0.0001,0.9999,0.0001,0.0001]]
}